<?xml version="1.0" encoding="utf-8" standalone="yes"?>

<?xml-stylesheet href="./_c74_ref.xsl" type="text/xsl"?>

<!--This is an automatically generated file. DO NOT EDIT THIS FILE DIRECTLY. Rather, use the _ref.xml files found in the 'edits' folder.-->
<c74object name="sadam.normalize~">
	<digest>
		An object that sets the gain of a source to the level of a reference signal
	</digest>
	<description>
		<o>
			sadam.normalize~
		</o>
		takes a source and a reference signal, computes their average gain (doing an average over the absolute values or the square root of the sum of the square of the absolute values of the incoming signals) and rescales the source signal to have the same gain as the reference signal.
	</description>
	<!--METADATA-->
	<metadatalist>
		<metadata name="author">
			Ádám Siska (sales@sadam.hu)
		</metadata>
		<metadata name="tag">
			MSP
		</metadata>
	</metadatalist>
	<!--INLETS-->
	<inletlist>
		<inlet id="0" name="INLET_NAME">
			<digest>
				(signal) Signal to Scale
			</digest>
			<description>
				TEXT_HERE
			</description>
		</inlet>
		<inlet id="1" name="INLET_NAME">
			<digest>
				(float/signal) Expected Output Gain or Reference Signal
			</digest>
			<description>
				TEXT_HERE
			</description>
		</inlet>
	</inletlist>
	<!--OUTLETS-->
	<outletlist>
		<outlet id="0" name="OUTLET_NAME">
			<digest>
				(signal) Scaled Signal
			</digest>
			<description>
				TEXT_HERE
			</description>
		</outlet>
	</outletlist>
	<!--ARGUMENTS-->
	<objarglist>
		<objarg name="reference gain" type="float" optional="1">
			<digest>
				TEXT_HERE
			</digest>
			<description>
				Sets the output gain (in linear scale). It only has effect is there is no reference signal present. Default: 0.
			</description>
		</objarg>
		<objarg name="averaging interval" type="int" optional="1">
			<digest>
				TEXT_HERE
			</digest>
			<description>
				Sets the averaging interval (in number of samples) used for measuring the levels of the source and reference signals. Default: 100.
			</description>
		</objarg>
	</objarglist>
	<!--MESSAGES-->
	<methodlist>
		<method name="int">
			<arglist>
				<arg name="gain" type="int" optional="0" id="0" />
			</arglist>
			<digest>
				TEXT_HERE
			</digest>
			<description>
				Same as
				<m>
					float
				</m>.
			</description>
		</method>
		<method name="float">
			<arglist>
				<arg name="gain" type="float" optional="0" id="0" />
			</arglist>
			<digest>
				TEXT_HERE
			</digest>
			<description>
				If there is no reference signal, it sets the expected output (linear) gain.
			</description>
		</method>
		<method name="rms">
			<arglist>
				<arg name="rms" type="int" optional="0" id="0" />
			</arglist>
			<digest>
				TEXT_HERE
			</digest>
			<description>
				If nonzero, averaging will be done over the square root of the sum of the absolute values of the incoming signals. Otherwise a simple average over the absolute values will be taken.
			</description>
		</method>
	</methodlist>
	<!--ATTRIBUTES-->
	<!--EXAMPLE-->
	<examplelist>
		<example img="sadam.normalize~.png" caption="The signal that comes from the first audio input scaled to the level of a -3dB-normalized pink noise generator." />
	</examplelist>
	<!--SEEALSO-->
	<seealsolist>
		<seealso name="abs~" />
		<seealso name="average~" />
		<seealso name="levelmeter~" />
		<seealso name="meter~" />
	</seealsolist>
	<misc name="Output">
		<entry name="signal">
			<description>
				The scaled signal.
			</description>
		</entry>
	</misc>
</c74object>
