<?xml version="1.0" encoding="utf-8" standalone="yes"?>

<?xml-stylesheet href="./_c74_ref.xsl" type="text/xsl"?>

<!--This is an automatically generated file. DO NOT EDIT THIS FILE DIRECTLY. Rather, use the _ref.xml files found in the 'edits' folder.-->
<c74object name="sadam.sgn~">
	<digest>
		Sign of a signal
	</digest>
	<description>
		<o>
			sadam.sgn~
		</o>
		will take any given signal and output 1 or -1 according to its sign.
	</description>
	<!--METADATA-->
	<metadatalist>
		<metadata name="author">
			Ádám Siska (sales@sadam.hu)
		</metadata>
		<metadata name="tag">
			MSP
		</metadata>
		<metadata name="tag">
			MSP
		</metadata>
	</metadatalist>
	<!--INLETS-->
	<inletlist>
		<inlet id="0" name="INLET_NAME">
			<digest>
				(signal) Input
			</digest>
			<description>
				TEXT_HERE
			</description>
		</inlet>
	</inletlist>
	<!--OUTLETS-->
	<outletlist>
		<outlet id="0" name="OUTLET_NAME">
			<digest>
				(signal) 1 or -1 Depending on the Sign of the Input
			</digest>
			<description>
				TEXT_HERE
			</description>
		</outlet>
	</outletlist>
	<!--ARGUMENTS-->
	<objarglist>
		<objarg id="0" name="OBJARG_NAME" type="OBJARG_TYPE" optional="0">
			<digest>
				TEXT_HERE
			</digest>
			<description>
				TEXT_HERE
			</description>
		</objarg>
	</objarglist>
	<!--MESSAGES-->
	<methodlist>
		<method name="signal">
			<arglist />
			<digest>
				TEXT_HERE
			</digest>
			<description>
				Any signal.
			</description>
		</method>
	</methodlist>
	<!--ATTRIBUTES-->
	<!--EXAMPLE-->
	<examplelist>
		<example img="sadam.sgn~.png" caption="Example that limits an input signal to the positive region." />
	</examplelist>
	<!--SEEALSO-->
	<seealsolist>
		<seealso name="abs~" />
		<seealso name="change~" />
	</seealsolist>
	<misc name="Output">
		<entry name="signal">
			<description>
				A signal consisting of 1 or -1 depending on the sign of the input signal.
			</description>
		</entry>
	</misc>
</c74object>
