<?xml version="1.0" encoding="utf-8" standalone="yes"?>

<?xml-stylesheet href="./_c74_ref.xsl" type="text/xsl"?>

<!--This is an automatically generated file. DO NOT EDIT THIS FILE DIRECTLY. Rather, use the _ref.xml files found in the 'edits' folder.-->
<c74object name="sadam.gcd">
	<digest>
		Compute the Greatest Common Divisor of two integers
	</digest>
	<description>
		<o>
			sadam.gcd
		</o>
		will compute the Greatest Common Divisor of two integers. The GCD of two positive integers is the largest positive integer that divides the numbers without a remainder. If an incoming number is negative, the object will take its absolute value. For the case when an incoming number was 0, GCD returns the absolute value of the other incoming number.
	</description>
	<!--METADATA-->
	<metadatalist>
		<metadata name="author">
			Ádám Siska (sales@sadam.hu)
		</metadata>
		<metadata name="tag">
			Max
		</metadata>
		<metadata name="tag">
			Math
		</metadata>
	</metadatalist>
	<!--INLETS-->
	<inletlist>
		<inlet id="0" name="INLET_NAME">
			<digest>
				First integer (a).
			</digest>
			<description>
				TEXT_HERE
			</description>
		</inlet>
		<inlet id="1" name="INLET_NAME">
			<digest>
				Second integer (b).
			</digest>
			<description>
				TEXT_HERE
			</description>
		</inlet>
	</inletlist>
	<!--OUTLETS-->
	<outletlist>
		<outlet id="0" name="OUTLET_NAME">
			<digest>
				GCD(a,b)
			</digest>
			<description>
				TEXT_HERE
			</description>
		</outlet>
	</outletlist>
	<!--ARGUMENTS-->
	<objarglist>
		<objarg name="Second number" type="long" optional="1">
			<digest>
				TEXT_HERE
			</digest>
			<description>
				The value of the second number (b). Default: 0.
			</description>
		</objarg>
	</objarglist>
	<!--MESSAGES-->
	<methodlist>
		<method name="bang">
			<arglist />
			<digest>
				TEXT_HERE
			</digest>
			<description>
				Output again the GCD of the last incoming numbers.
			</description>
		</method>
		<method name="set">
			<arglist>
				<arg name="input" type="int" optional="0" id="0" />
			</arglist>
			<digest>
				TEXT_HERE
			</digest>
			<description>
				Sets the first integer without causing any output.
			</description>
		</method>
	</methodlist>
	<!--ATTRIBUTES-->
	<!--EXAMPLE-->
	<examplelist>
		<example img="sadam.gcd.png" caption="Greatest Common Divisor of two integers." />
	</examplelist>
	<!--SEEALSO-->
	<seealsolist>
		<seealso name="sadam.lcm" />
		<seealso name="sadam.prime" />
	</seealsolist>
</c74object>
