<?xml version="1.0" encoding="utf-8" standalone="yes"?>

<?xml-stylesheet href="./_c74_ref.xsl" type="text/xsl"?>

<!--This is an automatically generated file. DO NOT EDIT THIS FILE DIRECTLY. Rather, use the _ref.xml files found in the 'edits' folder.-->
<c74object name="sadam.onebang">
	<digest>
		Traffic control for bang messages
	</digest>
	<description>
		<o>
			sadam.onebang
		</o>
		will output a bang after it received at least one bang on each but its rightmost inlet. The rightmost inlet reset the object to its initial state. When initalized with only one Control Inlet, the object's behaviour is (almost) identical to the <o>onebang</o> object.
	</description>
	<!--METADATA-->
	<metadatalist>
		<metadata name="author">
			Ádám Siska (sales@sadam.hu)
		</metadata>
		<metadata name="tag">
			Max
		</metadata>
		<metadata name="tag">
			Control
		</metadata>
	</metadatalist>
	<!--INLETS-->
	<inletlist>
		<inlet id="N" name="INLET_NAME">
			<digest>
				(bang/anything) Control Inlets with internal state. The internal state will be set to 1 when a bang (or anything else) arrives.
			</digest>
			<description>
				TEXT_HERE
			</description>
		</inlet>
		<inlet id="N+1" name="INLET_NAME">
			<digest>
				(bang/anything) Reset all Control Inlets to 0.
			</digest>
			<description>
				TEXT_HERE
			</description>
		</inlet>
	</inletlist>
	<!--OUTLETS-->
	<outletlist>
		<outlet id="0" name="OUTLET_NAME">
			<digest>
				(bang) When all Control Inlets are 1, a Bang is Sent Out.
			</digest>
			<description>
				TEXT_HERE
			</description>
		</outlet>
	</outletlist>
	<!--ARGUMENTS-->
	<objarglist>
		<objarg name="number of Control Inlets" type="int" optional="1">
			<digest>
				TEXT_HERE
			</digest>
			<description>
				Sets the number of Control Inlets. Default is 1.
			</description>
		</objarg>
	</objarglist>
	<!--MESSAGES-->
	<methodlist>
		<method name="bang">
			<arglist />
			<digest>
				In Control Inlets: Sets internal state to 1. If all internal states are 1, a <m>bang</m> is sent out if a bang has been received in the rightmost inlet since the last <m>bang</m> was sent out.
			</digest>
			<description>
				In Control Inlets: Sets internal state to 1. If all internal states are 1, a <m>bang</m> is sent out if a bang has been received in the rightmost inlet since the last <m>bang</m> was sent out.
				<br />
				<br />
				In the rightmost inlet: Resets the internal states of the Control Inlets to 0.
			</description>
		</method>
		<method name="int">
			<arglist>
				<arg name="input" type="int" optional="0" id="0" />
			</arglist>
			<digest>
				In either inlet: Same as a <m>bang</m>.
			</digest>
			<description>
				In either inlet: Same as a <m>bang</m>.
			</description>
		</method>
		<method name="float">
			<arglist>
				<arg name="input" type="float" optional="0" id="0" />
			</arglist>
			<digest>
				In either inlet: Same as a <m>bang</m>.
			</digest>
			<description>
				In either inlet: Same as a <m>bang</m>.
			</description>
		</method>
		<method name="list">
			<arglist>
				<arg name="input" type="list" optional="0" id="0" />
			</arglist>
			<digest>
				In either inlet: Same as a <m>bang</m>.
			</digest>
			<description>
				In either inlet: Same as a <m>bang</m>.
			</description>
		</method>
		<method name="anything">
			<arglist>
				<arg name="input" type="list" optional="0" id="0" />
			</arglist>
			<digest>
				In either inlet: Same as a <m>bang</m>.
			</digest>
			<description>
				In either inlet: Same as a <m>bang</m>.
			</description>
		</method>
	</methodlist>
	<!--ATTRIBUTES-->
	<!--EXAMPLE-->
	<examplelist>
		<example img="sadam.onebang.png" caption="Get a notification after (re)initializing all processes in your patch." />
	</examplelist>
	<!--SEEALSO-->
	<seealsolist>
		<seealso name="onebang" />
	</seealsolist>
</c74object>
