<?xml version="1.0" encoding="utf-8" standalone="yes"?>

<?xml-stylesheet href="./_c74_ref.xsl" type="text/xsl"?>

<!--This is an automatically generated file. DO NOT EDIT THIS FILE DIRECTLY. Rather, use the _ref.xml files found in the 'edits' folder.-->
<c74object name="sadam.envelopeGenerator">
	<digest>
		Expr-based envelope generator for function objects
	</digest>
	<description>
		<o>
			sadam.enveopeGenerator
		</o>
		will generate a sequence of x-y pairs that can be used as control points for an envelope represented in a
		<o>
			function
		</o>
		object based on a given expression. The <o>
			expr
		</o>-based expression may only contain float parameters. The first parameter of the expression is the 'running parameter' which runs between 0 and the duration of the desired envelope. The results are scaled to fit into a given y-range.
	</description>
	<!--METADATA-->
	<metadatalist>
		<metadata name="author">
			Ádám Siska (sales@sadam.hu)
		</metadata>
		<metadata name="tag">
			Max
		</metadata>
		<metadata name="tag">
			Math
		</metadata>
	</metadatalist>
	<!--INLETS-->
	<inletlist>
		<inlet id="0" name="INLET_NAME">
			<digest>
				Any float arriving on the non-leftmost inlet sets a parameter for the expression.
			</digest>
			<description>
				TEXT_HERE
			</description>
		</inlet>
	</inletlist>
	<!--OUTLETS-->
	<outletlist>
		<outlet id="0" name="OUTLET_NAME">
			<digest>
				The control points.
			</digest>
			<description>
				TEXT_HERE
			</description>
		</outlet>
	</outletlist>
	<!--ARGUMENTS-->
	<objarglist>
		<objarg name="control point count" type="long" optional="0">
			<digest>
				TEXT_HERE
			</digest>
			<description>
				The number of control points to be generated.
			</description>
		</objarg>
		<objarg name="expression" type="expression" optional="0">
			<digest>
				TEXT_HERE
			</digest>
			<description>
				The expression used to compute the breakpoints.
			</description>
		</objarg>
	</objarglist>
	<!--MESSAGES-->
	<methodlist>
		<method name="bang">
			<arglist />
			<digest>
				TEXT_HERE
			</digest>
			<description>
				Send the envelope
			</description>
		</method>
		<method name="clear">
			<arglist>
				<arg name="input" type="int" optional="0" id="0" />
			</arglist>
			<digest>
				TEXT_HERE
			</digest>
			<description>
				If 1, a
				<m>
					clear
				</m>
				message will be sent before sending the control points.
			</description>
		</method>
		<method name="duration">
			<arglist>
				<arg name="input" type="int" optional="0" id="0" />
			</arglist>
			<digest>
				TEXT_HERE
			</digest>
			<description>
				Sets the duration of the envelope in milliseconds.
			</description>
		</method>
		<method name="min">
			<arglist>
				<arg name="input" type="int" optional="0" id="0" />
			</arglist>
			<digest>
				TEXT_HERE
			</digest>
			<description>
				Sets the minimum of the y-range.
			</description>
		</method>
		<method name="max">
			<arglist>
				<arg name="input" type="int" optional="0" id="0" />
			</arglist>
			<digest>
				TEXT_HERE
			</digest>
			<description>
				Sets the maximum of the y-range.
			</description>
		</method>
	</methodlist>
	<!--ATTRIBUTES-->
	<!--EXAMPLE-->
	<examplelist>
		<example img="sadam.enveopeGenerator.png" caption="An envelope with 150 breakpoints" />
	</examplelist>
	<!--SEEALSO-->
	<seealsolist>
		<seealso name="expr" />
		<seealso name="function" />
	</seealsolist>
	<misc name="Output">
		<entry name="list">
			<description>
				The control points of the envelope.
			</description>
		</entry>
	</misc>
</c74object>
