<?xml version="1.0" encoding="utf-8" standalone="yes"?>

<?xml-stylesheet href="./_c74_ref.xsl" type="text/xsl"?>

<!--This is an automatically generated file. DO NOT EDIT THIS FILE DIRECTLY. Rather, use the _ref.xml files found in the 'edits' folder.-->
<c74object name="sadam.stat">
	<digest>
		Get mean and standard deviation of a number sequence
	</digest>
	<description>
		<o>
			sadam.stat
		</o>
		will compute the mean, the standard deviation and the minimum and maximum values of a sequence of numbers. With no arguments it will compute these values using all the numbers it received (like the
		<o>
			mean
		</o>
		object) while by declaring a fixed buffer size <m>N</m> it will do the calculations only on the last <m>N</m> entries.
	</description>
	<!--METADATA-->
	<metadatalist>
		<metadata name="author">
			Ádám Siska (sales@sadam.hu)
		</metadata>
		<metadata name="tag">
			Max
		</metadata>
		<metadata name="tag">
			Math
		</metadata>
	</metadatalist>
	<!--INLETS-->
	<inletlist>
		<inlet id="0" name="INLET_NAME">
			<digest>
				The numbers (either <m>int</m> or <m>float</m>) to be taken into account.
			</digest>
			<description>
				TEXT_HERE
			</description>
		</inlet>
	</inletlist>
	<!--OUTLETS-->
	<outletlist>
		<outlet id="0" name="OUTLET_NAME">
			<digest>
				Mean value.
			</digest>
			<description>
				TEXT_HERE
			</description>
		</outlet>
		<outlet id="1" name="OUTLET_NAME">
			<digest>
				Standard deviation.
			</digest>
			<description>
				TEXT_HERE
			</description>
		</outlet>
		<outlet id="2" name="OUTLET_NAME">
			<digest>
				Minimum value.
			</digest>
			<description>
				TEXT_HERE
			</description>
		</outlet>
		<outlet id="3" name="OUTLET_NAME">
			<digest>
				Maximum value.
			</digest>
			<description>
				TEXT_HERE
			</description>
		</outlet>
		<outlet id="4" name="OUTLET_NAME">
			<digest>
				The current size of the dataset.
			</digest>
			<description>
				TEXT_HERE
			</description>
		</outlet>
	</outletlist>
	<!--ARGUMENTS-->
	<objarglist>
		<objarg name="Dataset size" type="long" optional="1">
			<digest>
				TEXT_HERE
			</digest>
			<description>
				The maximum size of the dataset. If this value is not set, the buffer will grow infinitely.
			</description>
		</objarg>
	</objarglist>
	<!--MESSAGES-->
	<methodlist>
		<method name="bang">
			<arglist />
			<digest>
				TEXT_HERE
			</digest>
			<description>
				Output the mean, standard deviation, minimum and maximum values and dataset size.
			</description>
		</method>
		<method name="clear">
			<arglist />
			<digest>
				TEXT_HERE
			</digest>
			<description>
				Clear the stored dataset.
			</description>
		</method>
		<method name="size">
			<arglist>
				<arg name="input" type="int" optional="0" id="0" />
			</arglist>
			<digest>
				TEXT_HERE
			</digest>
			<description>
				Sets the maximum size of the dataset. If <m>0</m>, the dataset will grow infinitely.
			</description>
		</method>
	</methodlist>
	<!--ATTRIBUTES-->
	<!--EXAMPLE-->
	<examplelist>
		<example img="sadam.stat.png" caption="The mean, the standard deviation and the minimum and maximum values of a sequence of numbers." />
	</examplelist>
	<!--SEEALSO-->
	<seealsolist>
		<seealso name="maximum" />
		<seealso name="mean" />
		<seealso name="minimum" />
		<seealso name="peak" />
		<seealso name="trough" />
	</seealsolist>
</c74object>
