<?xml version="1.0" encoding="utf-8" standalone="yes"?>

<?xml-stylesheet href="./_c74_ref.xsl" type="text/xsl"?>

<!--This is an automatically generated file. DO NOT EDIT THIS FILE DIRECTLY. Rather, use the _ref.xml files found in the 'edits' folder.-->
<c74object name="sadam.udpClient">
	<digest>
		UDP Sender/Receiver object with fixed source port
	</digest>
	<description>
		<o>sadam.udpClient</o> will listen to a specified port and output incoming packets as pure binary data as well as send binary data to any IP address. Both the incoming and outgoing data may be managed either by direct interaction with this object through its outlets or by registering it to binary streams represented by <o>sadam.stream</o>. Bytes are represented as numbers between 0 and 255 (0x00 and 0xFF, respectively).<br />
        Note that, despite the object's name, there is no such thing as a 'UDP Client', as UDP itself is a connectionless protocol. The name simply reflects that the object's functionality is very similar to <o>sadam.tcpClient</o>.
	</description>
	<!--METADATA-->
	<metadatalist>
		<metadata name="author">
			Ádám Siska (sales@sadam.hu)
		</metadata>
		<metadata name="tag">
			Max
		</metadata>
		<metadata name="tag">
			Data
		</metadata>
	</metadatalist>
	<!--INLETS-->
	<inletlist>
		<inlet id="0" name="INLET_NAME">
			<digest>
				Various messages to set port, multicast group etc. and send data.
			</digest>
			<description>
				Various messages to set port, multicast group etc. and send data.
			</description>
		</inlet>
	</inletlist>
	<!--OUTLETS-->
	<outletlist>
		<outlet id="0" name="OUTLET_NAME">
            <digest>
                (list) List of received bytes.
			</digest>
            <description>
                (list) List of received bytes.
			</description>
		</outlet>
		<outlet id="1" name="OUTLET_NAME">
			<digest>
				(int) Error code (0 on success).
			</digest>
			<description>
				(int) Error code (0 on success).
			</description>
		</outlet>
	</outletlist>
	<!--ARGUMENTS-->
	<objarglist>
		<objarg name="port" type="int" optional="1">
			<digest>
				Port number.
			</digest>
			<description>
				Sets the recipient port number. Valid port numbers are between 0 and 65535.
			</description>
		</objarg>
	</objarglist>
	<!--MESSAGES-->
	<methodlist>
		<method name="address">
			<arglist>
				<arg name="host" type="symbol" optional="0" id="0" />
			</arglist>
			<digest>
				See
				<m>
					host
				</m>
				message.
			</digest>
			<description>
				See
				<m>
					host
				</m>
				message.
			</description>
		</method>
		<method name="bind_listener">
			<arglist>
				<arg name="stream name" type="symbol" optional="1" id="0" />
			</arglist>
			<digest>
				Without an argument, it will unregister all previously registered listener binary streams. If an argument is present, it will also register the stream with the given name to the object as a listener stream. If a listener stream is registered, each time a new binary sequence arrives, first it will be added to the end of the registered stream and then the stream will be cleared.
			</digest>
			<description>
				Without an argument, it will unregister all previously registered listener binary streams. If an argument is present, it will also register the stream with the given name to the object as a listener stream. If a listener stream is registered, each time a new binary sequence arrives, first it will be added to the end of the registered stream and then the stream will be cleared.
			</description>
		</method>
		<method name="bind_sender">
			<arglist>
				<arg name="stream name" type="symbol" optional="1" id="0" />
			</arglist>
			<digest>
				Without an argument, it will unregister all previously registered sender binary streams. If an argument is present, it will also register the stream with the given name to the object as a sender stream. If a sender stream is registered, each time the stream is cleared, its content will be sent out to the network.
			</digest>
			<description>
				Without an argument, it will unregister all previously registered sender binary streams. If an argument is present, it will also register the stream with the given name to the object as a sender stream. If a sender stream is registered, each time the stream is cleared, its content will be sent out to the network.
			</description>
		</method>
		<method name="buffer">
			<arglist>
				<arg name="data" type="int" optional="0" id="0" />
			</arglist>
			<digest>
				Sets the size of the TCP cache in bytes. This is the maximum length of arriving messages. Note that, even if you create a huge receiver buffer, the actual maximum length of your message will be affected by every server on the network between you and the sender.
			</digest>
			<description>
				Sets the size of the TCP cache in bytes. This is the maximum length of arriving messages. Note that, even if you create a huge receiver buffer, the actual maximum length of your message will be affected by every server on the network between you and the sender.
			</description>
		</method>
		<method name="dst_port">
			<arglist>
				<arg name="port" type="int" optional="0" id="0" />
			</arglist>
			<digest>
				Alias for the <m>port</m> message.
			</digest>
			<description>
				Alias for the <m>port</m> message.
			</description>
		</method>
		<method name="host">
			<arglist>
				<arg name="host" type="symbol" optional="0" id="0" />
			</arglist>
			<digest>
				Sets the host where the connection should be established. Can be any valid IP address or domain name.
			</digest>
			<description>
				Sets the host where the connection should be established. Can be any valid IP address or domain name.
			</description>
		</method>
		<method name="int">
			<arglist>
				<arg name="data" type="int" optional="0" id="0" />
			</arglist>
			<digest>
				Sends the incoming number as a single byte to the network on the specified port to the specified host. The value is clipped to the region [0x00, 0xFF].
			</digest>
			<description>
				Sends the incoming number as a single byte to the network on the specified port to the specified host. The value is clipped to the region [0x00, 0xFF].
			</description>
		</method>
		<method name="list">
			<arglist>
				<arg name="data" type="list" optional="0" id="0" />
			</arglist>
			<digest>
				Sends the incoming numbers as single bytes to the network on the specified port to the specified host. The values are clipped to the region [0x00, 0xFF].
			</digest>
			<description>
				Sends the incoming numbers as single bytes to the network on the specified port to the specified host. The values are clipped to the region [0x00, 0xFF].
			</description>
		</method>
		<method name="port">
			<arglist>
				<arg name="port" type="int" optional="0" id="0" />
			</arglist>
			<digest>
				Sets the port on which the connection should be established. Valid range is from 0 to 65535.
			</digest>
			<description>
				Sets the port on which the connection should be established. Valid range is from 0 to 65535.
			</description>
		</method>
		<method name="register_listener">
			<arglist>
				<arg name="stream name" type="symbol" optional="0" id="0" />
			</arglist>
			<digest>
				Registers the stream with the given name to the object as a listener stream. More than one sender stream can be registered to the same object. Unlike the message
				<m>
					bind_listener
				</m>
				, it will not unregister other (already registered) listener streams.
			</digest>
			<description>
				Registers the stream with the given name to the object as a listener stream. More than one sender stream can be registered to the same object. Unlike the message
				<m>
					bind_listener
				</m>
				, it will not unregister other (already registered) listener streams.
			</description>
		</method>
		<method name="register_sender">
			<arglist>
				<arg name="stream name" type="symbol" optional="0" id="0" />
			</arglist>
			<digest>
				Registers the stream with the given name to the object as a sender stream. More than one sender stream can be registered to the same object. Unlike the message
				<m>
					bind_sender
				</m>
				, it will not unregister other (already registered) sender streams.
			</digest>
			<description>
				Registers the stream with the given name to the object as a sender stream. More than one sender stream can be registered to the same object. Unlike the message
				<m>
					bind_sender
				</m>
				, it will not unregister other (already registered) sender streams.
			</description>
		</method>
		<method name="src_port">
			<arglist>
				<arg name="port" type="int" optional="0" id="0" />
			</arglist>
			<digest>
				Sets the source port, which is the local port to bind the connection to. Valid range is from 0 to 65535. A value of 0 will cause the operating system to bind the connection to a randomly selected (available) port on the computer.
			</digest>
			<description>
				Sets the source port, which is the local port to bind the connection to. Valid range is from 0 to 65535. A value of 0 will cause the operating system to bind the connection to a randomly selected (available) port on the computer.
			</description>
		</method>
		<method name="unregister_listener">
			<arglist>
				<arg name="stream name" type="symbol" optional="0" id="0" />
			</arglist>
			<digest>
				Unregisters the listener stream with the given name from the object.
			</digest>
			<description>
				Unregisters the listener stream with the given name from the object.
			</description>
		</method>
		<method name="unregister_sender">
			<arglist>
				<arg name="stream name" type="symbol" optional="0" id="0" />
			</arglist>
			<digest>
				Unregisters the sender stream with the given name from the object.
			</digest>
			<description>
				Unregisters the sender stream with the given name from the object.
			</description>
		</method>
	</methodlist>
	<!--ATTRIBUTES-->
	<attributelist>
		<attribute name="verbose" get="0" set="1" type="int" size="1">
			<digest>
				If non-zero, it will report activity to the Max window.
			</digest>
			<description>
				If non-zero, it will report activity to the Max window. Default value is (1).
			</description>
		</attribute>
	</attributelist>
	<!--EXAMPLE-->
	<examplelist>
		<example img="sadam.udpClient.png" caption="A ping-like utility which mirrors incoming messages to their senders." />
	</examplelist>
	<!--SEEALSO-->
    <seealsolist>
        <seealso name="sadam.tcpClient" />
        <seealso name="sadam.tcpReceiver" />
        <seealso name="sadam.tcpSender" />
        <seealso name="sadam.tcpServer" />
        <seealso name="sadam.udpReceiver" />
        <seealso name="sadam.udpSender" />
        <seealso name="sadam.stream" />
        <seealso name="sadam.fromBytes" />
        <seealso name="sadam.toBytes" />
	</seealsolist>
</c74object>
