<?xml version="1.0" encoding="utf-8" standalone="yes"?>

<?xml-stylesheet href="./_c74_ref.xsl" type="text/xsl"?>

<!--This is an automatically generated file. DO NOT EDIT THIS FILE DIRECTLY. Rather, use the _ref.xml files found in the 'edits' folder.-->
<c74object name="sadam.empty">
	<digest>
		Detect/output empty symbols
	</digest>
	<description>
		<o>
			sadam.empty
		</o>
		will detect and output empty symbols.
	</description>
	<!--METADATA-->
	<metadatalist>
		<metadata name="author">
			Ádám Siska (sales@sadam.hu)
		</metadata>
		<metadata name="tag">
			Max
		</metadata>
		<metadata name="tag">
			Data
		</metadata>
	</metadatalist>
	<!--INLETS-->
	<inletlist>
		<inlet id="0" name="INLET_NAME">
			<digest>
				(anything/bang) Detect/Send Empty Messages
			</digest>
			<description>
				TEXT_HERE
			</description>
		</inlet>
	</inletlist>
	<!--OUTLETS-->
	<outletlist>
		<outlet id="0" name="OUTLET_NAME">
			<digest>
				(symbol) Empty Message
			</digest>
			<description>
				TEXT_HERE
			</description>
		</outlet>
		<outlet id="1" name="OUTLET_NAME">
			<digest>
				(int) Is Received Message Empty?
			</digest>
			<description>
				TEXT_HERE
			</description>
		</outlet>
		<outlet id="2" name="OUTLET_NAME">
			<digest>
				(bang) When Empty Message Received
			</digest>
			<description>
				TEXT_HERE
			</description>
		</outlet>
	</outletlist>
	<!--ARGUMENTS-->
	<!--MESSAGES-->
	<methodlist>
		<method name="anything">
			<arglist />
			<digest>
				TEXT_HERE
			</digest>
			<description>
				When the empty symbol is received, it will send out a <m>bang</m> on the rightmost outlet and a <m>1</m> in the central outlet. Otherwise it sends out the value <m>0</m> on the central outlet.
			</description>
		</method>
		<method name="bang">
			<arglist />
			<digest>
				TEXT_HERE
			</digest>
			<description>
				Sends out the empty symbol on the leftmost outlet.
			</description>
		</method>
	</methodlist>
	<!--ATTRIBUTES-->
	<!--EXAMPLE-->
	<examplelist>
		<example img="sadam.empty.png" caption="Capture an empty Attribute Value from an XML." />
	</examplelist>
	<!--SEEALSO-->
	<seealsolist>
		<seealso name="sadam.float" />
		<seealso name="sadam.dom" />
		<seealso name="sadam.limits" />
		<seealso name="sadam.rapidXML" />
		<seealso name="sadam.sax" />
	</seealsolist>

</c74object>
