<?xml version="1.0" encoding="utf-8" standalone="yes"?>

<?xml-stylesheet href="./_c74_ref.xsl" type="text/xsl"?>

<!--This is an automatically generated file. DO NOT EDIT THIS FILE DIRECTLY. Rather, use the _ref.xml files found in the 'edits' folder.-->
<c74object name="sadam.tcpServer">
	<digest>
		Bidirectional TCP server
	</digest>
	<description>
		<o>
			sadam.tcpServer
        </o>
        will listen for incoming TCP connections on a specified port and will send and receive arbitrary information through this connection. It communicates via pure binary data, representing each byte as a number between 0 and 255.
	</description>
	<!--METADATA-->
	<metadatalist>
		<metadata name="author">
			Ádám Siska (sales@sadam.hu)
		</metadata>
		<metadata name="tag">
			Max
		</metadata>
		<metadata name="tag">
			Data
		</metadata>
	</metadatalist>
	<!--INLETS-->
	<inletlist>
		<inlet id="0" name="INLET_NAME">
			<digest>
				Various messages to set port, IP mode etc. and send data.
			</digest>
			<description>
				Various messages to set port, IP mode etc. and send data.
			</description>
		</inlet>
	</inletlist>
	<!--OUTLETS-->
	<outletlist>
		<outlet id="0" name="OUTLET_NAME">
            <digest>
                (list) List of received bytes.
			</digest>
            <description>
                (list) List of received bytes.
			</description>
		</outlet>
		<outlet id="1" name="OUTLET_NAME">
			<digest>
				(int) Error code (0 on success). It also sends the <m>started</m> and <m>stopped</m> messages when the server starts/stops listening as well as the <m>connected</m> and <m>disconnected</m> messages when a connection is established or dropped.
			</digest>
            <description>
                (int) Error code (0 on success). It also sends the <m>started</m> and <m>stopped</m> messages when the server starts/stops listening as well as the <m>connected</m> and <m>disconnected</m> messages when a connection is established or dropped.
			</description>
		</outlet>
	</outletlist>
	<!--ARGUMENTS-->
	<objarglist>
		<objarg name="port" type="int" optional="1">
			<digest>
				Port number.
			</digest>
			<description>
				Sets the recipient port number. Valid port numbers are between 0 and 65535.
			</description>
		</objarg>
	</objarglist>
	<!--MESSAGES-->
	<methodlist>
		<method name="buffer">
			<arglist>
				<arg name="data" type="int" optional="0" id="0" />
			</arglist>
			<digest>
				Sets the size of the TCP cache in bytes. This is the maximum length of arriving messages. Note that, even if you create a huge receiver buffer, the actual maximum length of your message will be affected by every server on the network between you and the sender.
			</digest>
			<description>
				Sets the size of the TCP cache in bytes. This is the maximum length of arriving messages. Note that, even if you create a huge receiver buffer, the actual maximum length of your message will be affected by every server on the network between you and the sender.
			</description>
		</method>
		<method name="start">
			<arglist />
			<digest>
				Starts listening for incoming connections on the specified TCP port. If the server has already been listening on a port, it is stopped first. Also, any pending transmissions will be cancelled.
			</digest>
            <description>
                Starts listening for incoming connections on the specified TCP port. If the server has already been listening on a port, it is stopped first. Also, any pending transmissions will be cancelled.
			</description>
		</method>
		<method name="stop">
			<arglist />
			<digest>
				Stops the server, closes any open TCP connections and cancels all transmissions.
			</digest>
            <description>
                Stops the server, closes any open TCP connections and cancels all transmissions.
			</description>
		</method>
		<method name="list">
			<arglist>
				<arg name="data" type="list" optional="0" id="0" />
			</arglist>
			<digest>
				Sends the incoming numbers as single bytes to the network on the specified port to the specified host. The first two members determine the host and the port to send the data to. The values are clipped to the region [0x00, 0xFF].
			</digest>
            <description>
                Sends the incoming numbers as single bytes to the network on the specified port to the specified host. The first two members determine the host and the port to send the data to. The values are clipped to the region [0x00, 0xFF].
			</description>
		</method>
		<method name="port">
			<arglist>
				<arg name="port" type="int" optional="0" id="0" />
			</arglist>
			<digest>
				Sets the port on which the server should listen for incoming connections. Valid range is from 1 to 65535.
			</digest>
            <description>
                Sets the port on which the server should listen for incoming connections. Valid range is from 1 to 65535.
			</description>
		</method>
	</methodlist>
	<!--ATTRIBUTES-->
	<attributelist>
		<attribute name="verbose" get="0" set="1" type="int" size="1">
			<digest>
				If non-zero, it will report activity to the Max window.
			</digest>
			<description>
				If non-zero, it will report activity to the Max window. Default value is (1).
			</description>
		</attribute>
	</attributelist>
	<!--EXAMPLE-->
	<examplelist>
		<example img="sadam.tcpServer.png" caption="A dummy server which sends its regards to any connecting client." />
	</examplelist>
	<!--SEEALSO-->
        <seealsolist>
        <seealso name="sadam.tcpClient" />
        <seealso name="sadam.tcpReceiver" />
        <seealso name="sadam.tcpSender" />
        <seealso name="sadam.udpClient" />
        <seealso name="sadam.udpReceiver" />
        <seealso name="sadam.udpSender" />
        <seealso name="sadam.stream" />
        <seealso name="sadam.fromBytes" />
        <seealso name="sadam.toBytes" />
	</seealsolist>
</c74object>
