<?xml version="1.0" encoding="utf-8" standalone="yes"?>

<?xml-stylesheet href="./_c74_ref.xsl" type="text/xsl"?>

<!--This is an automatically generated file. DO NOT EDIT THIS FILE DIRECTLY. Rather, use the _ref.xml files found in the 'edits' folder.-->
<c74object name="sadam.rapidXML">
	<digest>
		A RapidXML wrapper for Max
	</digest>
	<description>
		<o>
			sadam.rapidXML
		</o>
		will create, read, store or even modify DOM trees. The DOM is one of the possible representations of the contents of an XML document (see http://www.w3.org/TR/DOM-Level-2-Core/). The object internally uses the RapidXML 1.13 library (see http://rapidxml.sourceforge.net/), which is one of the fastest, yet still almost completely W3C compliant, freely available XML parsers.<br />
		<br />
		When an XML is parsed, the object will assign a unique ID to each Element of the document, called the <m>Element Index</m>. This index won't get stored and changes each time when the order of Elements in the XML is modified (either by inserting or removing Elements). However, using the Element Index is the preferred (and in most cases, the only) way to address a given element in the XML. The Element Index is sent out the rightmost outlet each time an element is accessed. The Element Index of the Document Element is always 0, the rest of the Elements get their index in their 'order of appearence'. This means that even if an Element is being inserted or removed, the Index of the Elements that come earlier in the Document won't change.<br />
		<br />
		When querying Attributes, Text, or CDATA nodes, the requested data will be sent out the appropriate outlets in right-to-left order (in case of Attributes, if more than one Attribute is requested, they will be sent to the output as a sequence like AttributeName1-AttributeValue1-AttributeName2-AttributeValue2-...-AttributeNameN-AttributeValueN, alternating on the appropriate outlets) followed by an error code. When querying Elements, the result will be sent out as a sequence (from right to left) consisting of the Element Index, the Tree Depth of the Element (the Document Element is at level 0, its children are at level 1 etc.), the Element's Tag Name, the Attributes, and finally the Text Content (which is a concatenation of all Text and CDATA nodes).<br />
		<br />
		The leftmost outlet serves as an error outlet. After each command sent to the object, an error code is being sent back through this outlet at the end of the execution of the given command. A negative value means that the command could not be executed successfully, while <m>0</m> means success. In some cases (typically when one or more <m>Elements</m> are queried) the error outlet reports the number of <m>Elements</m> successfully returned.<br />
		<br />
		As already mentioned, RapidXML 1.13 (and therefore <m>sadam.rapidXML</m>) is not fully W3C compliant. The main reason is that the parser ignores DOCTYPE declarations. There are also some difficulties with namespace management as well, the parser wouldn't refuse XMLs containing more than one root element and it will allow duplicate attributes for the same element. Also, to make parsing faster, all kind of XML validation is turned off by the wrapper Max object. If you need a 100% W3C compliant XML parser, consider <m>sadam.dom</m>, which is almost identical in functionality to <m>sadam.rapidXML</m> and requires MXJ to run.<br />
		This object was commissioned by Georg Hajdu for the MaxScore project. See <a href="http://www.computermusicnotation.com">http://www.computermusicnotation.com</a>.
	</description>
	<!--METADATA-->
	<metadatalist>
		<metadata name="author">
			Ádám Siska (sales@sadam.hu)
		</metadata>
		<metadata name="tag">
			Max
		</metadata>
		<metadata name="tag">
			Data
		</metadata>
	</metadatalist>
	<!--ARGUMENTS-->
	<objarglist />
	<!--MESSAGES-->
	<methodlist>
		<method name="anything">
			<arglist />
			<digest>
				TEXT_HERE
			</digest>
			<description>
				The object will collect all incoming messages and concatenate them. When sending a <m>bang</m>, the object will try to parse the messages received since the previous <m>bang</m> as a single XML.
			</description>
		</method>
		<method name="appendAttribute">
			<arglist>
				<arg name="Element Index" type="int" optional="0" id="0" />
				<arg name="Attribute Name" type="symbol" optional="0" id="1" />
				<arg name="Attribute Value" type="symbol" optional="0" id="2" />
			</arglist>
			<digest>
				TEXT_HERE
			</digest>
			<description>
				Appends an Attribute to an Element.
			</description>
		</method>
		<method name="appendCDATA">
			<arglist>
				<arg name="Element Index" type="int" optional="0" id="0" />
				<arg name="Content" type="symbol" optional="0" id="1" />
			</arglist>
			<digest>
				TEXT_HERE
			</digest>
			<description>
				Appends a CDATA Section to the end of the text content of an Element.
			</description>
		</method>
		<method name="appendChild">
			<arglist>
				<arg name="Parent Element Index" type="int" optional="0" id="0" />
				<arg name="New Tag's Name" type="symbol" optional="0" id="1" />
				<arg name="New Tag's Value" type="symbol" optional="1" id="2" />
			</arglist>
			<digest>
				TEXT_HERE
			</digest>
			<description>
				Appends a new Element to the end of the list of children of the given parent Element with the given tag name. Optionally, you can set a text value.
			</description>
		</method>
		<method name="appendText">
			<arglist>
				<arg name="Element Index" type="int" optional="0" id="0" />
				<arg name="Content" type="symbol" optional="0" id="1" />
			</arglist>
			<digest>
				TEXT_HERE
			</digest>
			<description>
				Appends additional text to the end of the text content of an Element.
			</description>
		</method>
		<method name="bang">
			<arglist />
			<digest>
				TEXT_HERE
			</digest>
			<description>
				The object will collect all incoming messages and concatenate them. When sending a <m>bang</m>, the object will try to parse the messages received since the previous <m>bang</m> as a single XML.
			</description>
		</method>
		<method name="clear">
			<arglist />
			<digest>
				TEXT_HERE
			</digest>
			<description>
				Clears the buffer that collects the incoming messages that could later be parsed.
			</description>
		</method>
		<method name="createDocument">
			<arglist>
				<arg name="Document Element Name" type="symbol" optional="0" id="0" />
			</arglist>
			<digest>
				TEXT_HERE
			</digest>
			<description>
				Creates a new Document where the Document Element will have the given name.
			</description>
		</method>
		<method name="getAttribute">
			<arglist>
				<arg name="Element Index" type="int" optional="0" id="0" />
				<arg name="Attribute Name" type="symbol" optional="0" id="1" />
			</arglist>
			<digest>
				TEXT_HERE
			</digest>
			<description>
				Sends out the value of the Attribute with the given name of the specified Element.
			</description>
		</method>
		<method name="getChildNodes">
			<arglist>
				<arg name="Element Index" type="int" optional="1" id="0" />
			</arglist>
			<digest>
				TEXT_HERE
			</digest>
			<description>
				Sends out all the child Elements of the given Element. If no Element Index is specified, it will output the children of the Document Element.
			</description>
		</method>
		<method name="getChildNodesByTagName">
			<arglist>
				<arg name="Element Index" type="int" optional="1" id="0" />
				<arg name="Tag Name" type="symbol" optional="0" id="1" />
			</arglist>
			<digest>
				TEXT_HERE
			</digest>
			<description>
				Sends out all the child Elements of the given Element with the given name. If no Element Index is specified, it will output the children with the given name of the Document Element.
			</description>
		</method>
		<method name="getElement">
			<arglist>
				<arg name="Element Index" type="int" optional="1" id="0" />
			</arglist>
			<digest>
				TEXT_HERE
			</digest>
			<description>
				Sends out the Element with the given Index.
			</description>
		</method>
		<method name="getElementsByTagName">
			<arglist>
				<arg name="Element Index" type="int" optional="1" id="0" />
				<arg name="Tag Name" type="symbol" optional="0" id="1" />
			</arglist>
			<digest>
				TEXT_HERE
			</digest>
			<description>
				Sends out all the Elements with a given name that belong to the tree fragment of the given Element. If no Element Index is specified, it will output all the Elements with the given name in the whole DOM tree.
			</description>
		</method>
		<method name="getFirstChild">
			<arglist>
				<arg name="Element Index" type="int" optional="1" id="0" />
			</arglist>
			<digest>
				TEXT_HERE
			</digest>
			<description>
				Sends out the first child of the given Element, if any. If no Index is present, it will send out the first child of the Document Element.
			</description>
		</method>
		<method name="getLastChild">
			<arglist>
				<arg name="Element Index" type="int" optional="1" id="0" />
			</arglist>
			<digest>
				TEXT_HERE
			</digest>
			<description>
				Sends out the last child of the given Element, if any. If no Index is present, it will send out the last child of the Document Element.
			</description>
		</method>
		<method name="getNextSibling">
			<arglist>
				<arg name="Element Index" type="int" optional="0" id="0" />
			</arglist>
			<digest>
				TEXT_HERE
			</digest>
			<description>
				Sends out the Element immediately following the given Element in the list of children of the parent node of the given Element.
			</description>
		</method>
		<method name="getParentNode">
			<arglist>
				<arg name="Element Index" type="int" optional="0" id="0" />
			</arglist>
			<digest>
				TEXT_HERE
			</digest>
			<description>
				Sends out the parent of the given Element.
			</description>
		</method>
		<method name="getPreviousSibling">
			<arglist>
				<arg name="Element Index" type="int" optional="0" id="0" />
			</arglist>
			<digest>
				TEXT_HERE
			</digest>
			<description>
				Sends out the Element immediately preceeding the given Element in the list of children of the parent node of the given Element.
			</description>
		</method>
		<method name="getText">
			<arglist>
				<arg name="Element Index" type="int" optional="0" id="0" />
			</arglist>
			<digest>
				TEXT_HERE
			</digest>
			<description>
				Sends out the text value of the given Element. If there are more text nodes associated with the given Element (like a mixture of CDATA and Text nodes), they will be concatenated into a single symbol.
			</description>
		</method>
		<method name="getTree">
			<arglist>
				<arg name="Element Index" type="int" optional="1" id="0" />
			</arglist>
			<digest>
				TEXT_HERE
			</digest>
			<description>
				Sends out all the Elements in the tree-fragment of the given Element. If no argument is specified, it sends out the whole DOM tree.
			</description>
		</method>
		<method name="insertBefore">
			<arglist>
				<arg name="Element Index" type="int" optional="0" id="0" />
				<arg name="Tag Name" type="symbol" optional="0" id="1" />
			</arglist>
			<digest>
				TEXT_HERE
			</digest>
			<description>
				Inserts a new Element with the given name just before the given Element (so that the newly inserted element would have the given Index).
			</description>
		</method>
		<method name="load">
			<arglist>
				<arg name="XML" type="list" optional="0" id="0" />
			</arglist>
			<digest>
				TEXT_HERE
			</digest>
			<description>
				Parses the XML given as an argument.
			</description>
		</method>
		<method name="parse">
			<arglist>
				<arg name="XML" type="list" optional="0" id="0" />
			</arglist>
			<digest>
				TEXT_HERE
			</digest>
			<description>
				Fastest parser mode: parses the XML given as an argument 'on-the-fly' and sends it out immediately. The parsed XML won't be stored, therefore no Element Index will be assigned to the Elements. Parsing an XML using this method won't affect any internally stored data of the object, therefore you can use this method if you need to parse an XML only once and in the meantime you need to keep another XML in the memory (however, in these cases it is more convenient to use two separate instances of the object).
			</description>
		</method>
		<method name="prependAttribute">
			<arglist>
				<arg name="Element Index" type="int" optional="0" id="0" />
				<arg name="Attribute Name" type="symbol" optional="0" id="1" />
				<arg name="Attribute Value" type="symbol" optional="0" id="2" />
			</arglist>
			<digest>
				TEXT_HERE
			</digest>
			<description>
				Prepends an Attribute to an Element.
			</description>
		</method>
		<method name="prependCDATA">
			<arglist>
				<arg name="Element Index" type="int" optional="0" id="0" />
				<arg name="Content" type="symbol" optional="0" id="1" />
			</arglist>
			<digest>
				TEXT_HERE
			</digest>
			<description>
				Prepends a CDATA Section to the beginning of the text content of an Element.
			</description>
		</method>
		<method name="prependChild">
			<arglist>
				<arg name="Parent Element Index" type="int" optional="0" id="0" />
				<arg name="New Tag's Name" type="symbol" optional="0" id="1" />
				<arg name="New Tag's Value" type="symbol" optional="1" id="2" />
			</arglist>
			<digest>
				TEXT_HERE
			</digest>
			<description>
				Prepends a new Element to the beginning of the list of children of the given parent Element with the given tag name. Optionally, you can set a text value.
			</description>
		</method>
		<method name="prependText">
			<arglist>
				<arg name="Element Index" type="int" optional="0" id="0" />
				<arg name="Content" type="symbol" optional="0" id="1" />
			</arglist>
			<digest>
				TEXT_HERE
			</digest>
			<description>
				Prepends additional text to the beginning of the text content of an Element.
			</description>
		</method>
		<method name="print">
			<arglist>
				<arg name="Element Index" type="int" optional="1" id="0" />
			</arglist>
			<digest>
				TEXT_HERE
			</digest>
			<description>
				Prints a tree fragment starting with the given Elements in the Max window. If no Index is given, it prints the full document.
			</description>
		</method>
		<method name="read">
			<arglist>
				<arg name="File Name" type="symbol" optional="1" id="0" />
			</arglist>
			<digest>
				TEXT_HERE
			</digest>
			<description>
				Reads an XML into the object. If no filename is given, it lets the user select one.
			</description>
		</method>
		<method name="readagain">
			<arglist />
			<digest>
				TEXT_HERE
			</digest>
			<description>
				Reloads the last read XML. If there was no XML read, it lets the user select one.
			</description>
		</method>
		<method name="removeAttribute">
			<arglist>
				<arg name="Element Index" type="int" optional="0" id="0" />
				<arg name="Attribute Name" type="symbol" optional="0" id="1" />
			</arglist>
			<digest>
				TEXT_HERE
			</digest>
			<description>
				Removes an Attribute with the given name from the specified Element.
			</description>
		</method>
		<method name="removeAttributes">
			<arglist>
				<arg name="Element Index" type="int" optional="0" id="0" />
			</arglist>
			<digest>
				TEXT_HERE
			</digest>
			<description>
				Removes all Attribute from the specified Element.
			</description>
		</method>
		<method name="removeChildNodes">
			<arglist>
				<arg name="Parent Index" type="int" optional="0" id="0" />
			</arglist>
			<digest>
				TEXT_HERE
			</digest>
			<description>
				Removes all child Elements from the specified Element.
			</description>
		</method>
		<method name="removeChildNodesByTagName">
			<arglist>
				<arg name="Parent Index" type="int" optional="0" id="0" />
				<arg name="Tag Name" type="symbol" optional="0" id="1" />
			</arglist>
			<digest>
				TEXT_HERE
			</digest>
			<description>
				Removes all child Elements with the given name from the specified Element.
			</description>
		</method>
		<method name="removeElement">
			<arglist>
				<arg name="Element Index" type="int" optional="0" id="0" />
			</arglist>
			<digest>
				TEXT_HERE
			</digest>
			<description>
				Removes the specified Element from the DOM tree.
			</description>
		</method>
		<method name="removeElementByTagName">
			<arglist>
				<arg name="Parent Index" type="int" optional="1" id="0" />
				<arg name="Tag Name" type="symbol" optional="0" id="1" />
			</arglist>
			<digest>
				TEXT_HERE
			</digest>
			<description>
				Removes all Elements with the given name from the tree-fragment of the specified Element. If no parent Element is specified, it removes all Elements with the given name from the DOM tree.
			</description>
		</method>
		<method name="removeText">
			<arglist>
				<arg name="Element Index" type="int" optional="0" id="0" />
			</arglist>
			<digest>
				TEXT_HERE
			</digest>
			<description>
				Removes all text content (including CDATA sections, if any) from the specified Element.
			</description>
		</method>
		<method name="serialize">
			<arglist />
			<digest>
				TEXT_HERE
			</digest>
			<description>
				Outputs the full Document in serialized form on the rightmost outlet as a single message.
			</description>
		</method>
		<method name="setAttribute">
			<arglist>
				<arg name="Element Index" type="int" optional="0" id="0" />
				<arg name="Attribute Name" type="symbol" optional="0" id="1" />
				<arg name="Attribute Value" type="symbol" optional="0" id="2" />
			</arglist>
			<digest>
				TEXT_HERE
			</digest>
			<description>
				Sets the value of the Attribute with the given name of the specified Element. If no Attribute exists with the given name, a new one is created.
			</description>
		</method>
		<method name="setCDATA">
			<arglist>
				<arg name="Element Index" type="int" optional="0" id="0" />
				<arg name="Text" type="symbol" optional="0" id="1" />
			</arglist>
			<digest>
				TEXT_HERE
			</digest>
			<description>
				Sets the text value of the given Element as a CDATA section. If a textual content (a text or a CDATA section) is already set, these are removed first.
			</description>
		</method>
		<method name="setText">
			<arglist>
				<arg name="Element Index" type="int" optional="0" id="0" />
				<arg name="Text" type="symbol" optional="0" id="1" />
			</arglist>
			<digest>
				TEXT_HERE
			</digest>
			<description>
				Sets the text value of the given Element. If a textual content (a text or a CDATA section) is already set, these are removed first.
			</description>
		</method>
		<method name="write">
			<arglist>
				<arg name="File Name" type="symbol" optional="1" id="0" />
			</arglist>
			<digest>
				TEXT_HERE
			</digest>
			<description>
				Writes an XML to the disk. If no filename is given, it lets the user select one.
			</description>
		</method>
		<method name="writeagain">
			<arglist />
			<digest>
				TEXT_HERE
			</digest>
			<description>
				Rewrites the last written XML to the disk. If there was no XML written, it lets the user select one.
			</description>
		</method>
	</methodlist>
	<!--ATTRIBUTES-->
	<attributelist>
		<attribute name="redundant" get="0" set="1" type="int" size="1">
			<digest>
				Output Element Index, Tree Depth and Element Name for each Attribute and Element Text Content.
			</digest>
			<description>
				Enables (1) or disables (0) the reduntant state of the 
				<o>
					sadam.dom
				</o>
				object. The default is 0 (disabled). When enabled, each Attribute (or Element Text Content) output will be preceeded by sending the Element Index, Tree Depth and Element Name values.
			</description>
		</attribute>
		<attribute name="symbolOutput" get="0" set="1" type="int" size="1">
			<digest>
				Output texts as single <m>symbol</m>s.
			</digest>
			<description>
				When set to (1), all Element Text Content and Attribute Value fields will be sent out as single symbols. When set to (0), which is the default setting, the output will be a Max list.
			</description>
		</attribute>
	</attributelist>
	<!--EXAMPLE-->
	<examplelist>
		<example img="sadam.dom.png" caption="It can be solved, though..." />
	</examplelist>
	<!--SEEALSO-->
	<seealsolist>
		<seealso name="sadam.dom" />
		<seealso name="sadam.empty" />
		<seealso name="sadam.sax" />
	</seealsolist>
</c74object>
