<?xml version="1.0" encoding="utf-8" standalone="yes"?>

<?xml-stylesheet href="./_c74_ref.xsl" type="text/xsl"?>

<!--This is an automatically generated file. DO NOT EDIT THIS FILE DIRECTLY. Rather, use the _ref.xml files found in the 'edits' folder.-->
<c74object name="sadam.float">
	<digest>
		Detect/output special floating point values
	</digest>
	<description>
		<o>
			sadam.float
		</o>
		will store and output any given floating-point number. It will also detect <m>
			NaN
		</m>
		(not-a-number) and infinity (both positive and negative) values as well as output them if requested.
	</description>
	<!--METADATA-->
	<metadatalist>
		<metadata name="author">
			Ádám Siska (sales@sadam.hu)
		</metadata>
		<metadata name="tag">
			Max
		</metadata>
		<metadata name="tag">
			Data
		</metadata>
	</metadatalist>
	<!--INLETS-->
	<inletlist>
		<inlet id="0" name="INLET_NAME">
			<digest>
				(bang) Outputs Value, (float/int) Sets and Outputs Value
			</digest>
			<description>
				TEXT_HERE
			</description>
		</inlet>
		<inlet id="1" name="INLET_NAME">
			<digest>
				(float/int) Set Value Without Output
			</digest>
			<description>
				TEXT_HERE
			</description>
		</inlet>
	</inletlist>
	<!--OUTLETS-->
	<outletlist>
		<outlet id="0" name="OUTLET_NAME">
			<digest>
				(float) Value
			</digest>
			<description>
				TEXT_HERE
			</description>
		</outlet>
		<outlet id="1" name="OUTLET_NAME">
			<digest>
				(bang) When Input Was NAN (not-a-number)
			</digest>
			<description>
				TEXT_HERE
			</description>
		</outlet>
		<outlet id="2" name="OUTLET_NAME">
			<digest>
				(bang) When Input Was Infinite (Either Positive or Negative)
			</digest>
			<description>
				TEXT_HERE
			</description>
		</outlet>
	</outletlist>
	<!--ARGUMENTS-->
	<objarglist>
		<objarg name="initial-value" type="float" optional="1">
			<digest>
				TEXT_HERE
			</digest>
			<description>
				Sets an initial value to be stored in 
				<o>
					sadam.float
				</o>
				. If there is no argument, the initial value is 
				<m>
					0.0
				</m>
				. It will also recognize the
				<m>
					nan
				</m>,
				<m>
					inf
				</m> and
				<m>
					-inf
				</m>
				messages.
			</description>
		</objarg>
	</objarglist>
	<!--MESSAGES-->
	<methodlist>
		<method name="bang">
			<arglist />
			<digest>
				TEXT_HERE
			</digest>
			<description>
				Sends the stored value out.
			</description>
		</method>
		<method name="int">
			<arglist>
				<arg name="input" type="int" optional="0" id="0" />
			</arglist>
			<digest>
				TEXT_HERE
			</digest>
			<description>
				Converted to 
				<m>
					float
				</m>
				.
			</description>
		</method>
		<method name="float">
			<arglist>
				<arg name="input" type="float" optional="0" id="0" />
			</arglist>
			<digest>
				TEXT_HERE
			</digest>
			<description>
				The number replaces the currently stored value and is sent out.
			</description>
		</method>
		<method name="nan">
			<arglist />
			<digest>
				TEXT_HERE
			</digest>
			<description>
				Sets and sends a
				<m>
					NaN
				</m>
				(not-a-number) value.
			</description>
		</method>
		<method name="NaN">
			<arglist />
			<digest>
				TEXT_HERE
			</digest>
			<description>
				Same as
				<m>
					nan
				</m>.
			</description>
		</method>
		<method name="NAN">
			<arglist />
			<digest>
				TEXT_HERE
			</digest>
			<description>
				Same as
				<m>
					nan
				</m>.
			</description>
		</method>
		<method name="inf">
			<arglist />
			<digest>
				TEXT_HERE
			</digest>
			<description>
				Sets and sends a
				<m>
					inf
				</m>
				(positive infinity) value.
			</description>
		</method>
		<method name="-inf">
			<arglist />
			<digest>
				TEXT_HERE
			</digest>
			<description>
				Sets and sends a
				<m>
					-inf
				</m>
				(negative infinity) value.
			</description>
		</method>
		<method name="+inf">
			<arglist />
			<digest>
				TEXT_HERE
			</digest>
			<description>
				Same as
				<m>
					inf
				</m>.
			</description>
		</method>
		<method name="set">
			<arglist>
				<arg name="set-input" type="float" optional="0" id="0" />
			</arglist>
			<digest>
				TEXT_HERE
			</digest>
			<description>
				The word 
				<m>
					set
				</m>
				, followed by a number (or a special floating point value), replaces the stored value without triggering output.
			</description>
		</method>
	</methodlist>
	<!--ATTRIBUTES-->
	<!--EXAMPLE-->
	<examplelist>
		<example img="sadam.float.png" caption="Output a not-a-number value." />
	</examplelist>
	<!--SEEALSO-->
	<seealsolist>
		<seealso name="float" />
		<seealso name="sadam.empty" />
		<seealso name="sadam.limits" />
	</seealsolist>

</c74object>
